Date,Time,1RSS(dB),2RSS(dB),RQly(%),RSNR(dB),ANT,RFMD,TPWR(mW),TRSS(dB),TQly(%),TSNR(dB),RxBt(V),Curr(A),Capa(mAh),Bat%(%),Ptch(rad),Roll(rad),Yaw(rad),FM,VSpd(m/s),GPS,GSpd(kmh),Hdg(Â°),Alt(m),Sats,Rud,Ele,Thr,Ail,P1,SA,SB,SC,SD,SE,LSW,CH1(us),CH2(us),CH3(us),CH4(us),CH5(us),CH6(us),CH7(us),CH8(us),CH9(us),CH10(us),CH11(us),CH12(us),CH13(us),CH14(us),CH15(us),CH16(us),CH17(us),CH18(us),CH19(us),CH20(us),CH21(us),CH22(us),CH23(us),CH24(us),CH25(us),CH26(us),CH27(us),CH28(us),CH29(us),CH30(us),CH31(us),CH32(us),TxBat(V)
2025-04-18,08:42:57.270,-126,-10,100,14,1,4,50,-12,96,13,8.1,1.7,74,90,-0.16,0.08,0.73,"OK",0.2,54.619808 -1.085057,1.2,33.80,-1,10,30,-1024,-3,19,1024,-1,-1,-1,1,-1,0x0000000000000000,1509,1499,988,1515,2012,988,988,988,2268,988,988,1500,1500,1500,1500,1500,1500,1500,1500,1500,1500,1500,1500,1500,1500,1500,1500,1500,1500,1500,1500,1500,7.9
2025-04-18,08:42:57.320,-126,-10,100,14,1,4,50,-12,96,13,8.1,1.7,74,90,-0.16,0.08,0.73,"OK",0.2,54.619808 -1.085056,1.2,33.80,-1,10,30,-1024,-3,19,1024,-1,-1,-1,1,-1,0x0000000000000000,1509,1499,988,1515,2012,988,988,988,2268,988,988,1500,1500,1500,1500,1500,1500,1500,1500,1500,1500,1500,1500,1500,1500,1500,1500,1500,1500,1500,1500,1500,7.9
2025-04-18,08:42:57.420,-126,-10,100,13,1,4,50,-19,100,13,8.1,1.7,74,90,-0.17,0.09,0.74,"ANGL",0.2,54.619808 -1.085056,1.2,33.80,-1,10,30,-1024,-3,19,1024,-1,-1,-1,1,-1,0x0000000000000000,1509,1499,988,1515,2012,988,988,988,2268,988,988,1500,1500,1500,1500,1500,1500,1500,1500,1500,1500,1500,1500,1500,1500,1500,1500,1500,1500,1500,1500,1500,7.9
2025-04-18,08:42:57.520,-126,-10,100,13,1,4,50,-19,100,13,8.1,1.7,74,90,-0.17,0.09,0.74,"ANGL",0.2,54.619808 -1.085057,0.5,33.80,-1,10,30,-1024,-3,19,1024,-1,-1,-1,1,-1,0x0000000000000000,1509,1499,988,1515,2012,988,988,988,2268,988,988,1500,1500,1500,1500,1500,1500,1500,1500,1500,1500,1500,1500,1500,1500,1500,1500,1500,1500,1500,1500,1500,7.9
2025-04-18,08:42:57.620,-126,-8,100,9,1,4,250,-3,100,13,8.1,1.8,75,90,-0.17,0.09,0.74,"ANGL",0.2,54.619808 -1.085057,0.5,33.80,-1,10,28,-1024,-3,19,1024,-1,-1,-1,1,-1,0x0000000000000000,1509,1499,988,1514,2012,988,988,988,2268,988,988,1500,1500,1500,1500,1500,1500,1500,1500,1500,1500,1500,1500,1500,1500,1500,1500,1500,1500,1500,1500,1500,7.9
2025-04-18,08:42:57.720,-126,-8,100,9,1,4,250,-3,100,13,8.1,1.8,75,90,-0.21,0.11,0.80,"ANGL",0.1,54.619808 -1.085057,0.5,33.80,-1,10,27,-1016,-3,19,1024,-1,-1,-1,1,-1,0x0000000000000000,1509,1499,992,1513,2012,988,988,988,2268,988,988,1500,1500,1500,1500,1500,1500,1500,1500,1500,1500,1500,1500,1500,1500,1500,1500,1500,1500,1500,1500,1500,7.9
2025-04-18,08:42:57.820,-126,-8,100,9,1,4,250,-3,100,13,8.1,1.9,75,90,-0.21,0.11,0.80,"ANGL",0.1,54.619808 -1.085055,1.0,33.80,-1,10,26,-1024,-5,19,1024,-1,-1,-1,1,-1,0x0000000000000000,1509,1498,988,1513,2012,988,988,988,2268,988,988,1500,1500,1500,1500,1500,1500,1500,1500,1500,1500,1500,1500,1500,1500,1500,1500,1500,1500,1500,1500,1500,7.9
2025-04-18,08:42:57.920,-126,-8,100,6,1,4,250,-3,100,14,8.1,1.9,75,90,-0.19,0.06,0.92,"ANGL",0.1,54.619808 -1.085055,1.0,33.80,-1,10,26,-1018,-3,19,1024,-1,-1,-1,1,-1,0x0000000000000000,1509,1499,991,1513,2012,988,988,988,2268,988,988,1500,1500,1500,1500,1500,1500,1500,1500,1500,1500,1500,1500,1500,1500,1500,1500,1500,1500,1500,1500,1500,7.9
2025-04-18,08:42:58.020,-126,-8,100,6,1,4,250,-3,100,14,8.1,1.9,75,90,-0.19,0.06,0.92,"ANGL",0.1,54.619808 -1.085054,1.7,33.80,-1,10,24,-1021,-3,19,1024,-1,-1,-1,1,-1,0x0000000000000000,1509,1499,990,1512,2012,988,988,988,2268,988,988,1500,1500,1500,1500,1500,1500,1500,1500,1500,1500,1500,1500,1500,1500,1500,1500,1500,1500,1500,1500,1500,7.9
2025-04-18,08:42:58.120,-126,-8,100,6,1,4,250,-3,100,15,8.1,1.9,75,90,-0.18,0.06,0.96,"ANGL",0.1,54.619808 -1.085054,1.7,33.80,-1,10,26,-1024,-3,19,1024,-1,-1,-1,1,-1,0x0000000000000000,1509,1499,988,1513,2012,988,988,988,2268,988,988,1500,1500,1500,1500,1500,1500,1500,1500,1500,1500,1500,1500,1500,1500,1500,1500,1500,1500,1500,1500,1500,7.9
2025-04-18,08:42:58.220,-126,-8,100,6,1,4,250,-3,100,15,8.1,1.9,75,90,-0.18,0.06,0.96,"ANGL",0.2,54.619808 -1.085054,1.7,33.80,-1,10,28,-1024,-3,19,1024,-1,-1,-1,1,-1,0x0000000000000000,1509,1499,988,1514,2012,988,988,988,2268,988,988,1500,1500,1500,1500,1500,1500,1500,1500,1500,1500,1500,1500,1500,1500,1500,1500,1500,1500,1500,1500,1500,7.9
2025-04-18,08:42:58.320,-126,-8,100,6,1,4,250,-3,100,14,8.1,1.9,75,90,-0.18,0.06,0.96,"ANGL",0.2,54.619809 -1.085053,2.2,31.20,-1,10,28,-1024,-3,19,1024,-1,-1,-1,1,-1,0x0000000000000000,1509,1499,988,1514,2012,988,988,988,2268,988,988,1500,1500,1500,1500,1500,1500,1500,1500,1500,1500,1500,1500,1500,1500,1500,1500,1500,1500,1500,1500,1500,7.9
2025-04-18,08:42:58.420,-126,-8,100,6,1,4,250,-3,100,14,8.1,1.9,75,90,-0.19,0.06,0.85,"ANGL",0.2,54.619809 -1.085053,2.2,31.20,-1,10,28,-1024,-3,19,1024,-1,-1,-1,1,-1,0x0000000000000000,1509,1499,988,1514,2012,988,988,988,2268,988,988,1500,1500,1500,1500,1500,1500,1500,1500,1500,1500,1500,1500,1500,1500,1500,1500,1500,1500,1500,1500,1500,7.9
2025-04-18,08:42:58.520,-126,-8,100,6,1,4,250,-3,100,14,8.1,1.9,75,90,-0.19,0.06,0.85,"ANGL",0.3,54.619809 -1.085053,2.2,31.20,-1,10,27,-1024,-3,19,1024,-1,-1,-1,1,-1,0x0000000000000000,1509,1499,988,1513,2012,988,988,988,2268,988,988,1500,1500,1500,1500,1500,1500,1500,1500,1500,1500,1500,1500,1500,1500,1500,1500,1500,1500,1500,1500,1500,7.9
2025-04-18,08:42:58.620,-126,-9,100,5,1,4,250,-3,100,13,8.1,1.9,75,90,-0.19,0.06,0.85,"ANGL",0.3,54.619811 -1.085053,1.0,31.20,-1,10,27,-1024,-3,19,1024,-1,-1,-1,1,-1,0x0000000000000000,1509,1499,988,1513,2012,988,988,988,2268,988,988,1500,1500,1500,1500,1500,1500,1500,1500,1500,1500,1500,1500,1500,1500,1500,1500,1500,1500,1500,1500,1500,7.9
2025-04-18,08:42:58.720,-126,-9,100,5,1,4,250,-3,100,13,8.1,1.9,75,90,-0.14,0.08,0.67,"ANGL",0.1,54.619811 -1.085053,1.0,31.20,-1,10,28,-1024,-3,19,1024,-1,-1,-1,1,-1,0x0000000000000000,1509,1499,988,1514,2012,988,988,988,2268,988,988,1500,1500,1500,1500,1500,1500,1500,1500,1500,1500,1500,1500,1500,1500,1500,1500,1500,1500,1500,1500,1500,7.9
2025-04-18,08:42:58.820,-126,-8,100,4,1,4,250,-3,100,13,8.1,1.9,75,90,-0.14,0.08,0.67,"ANGL",0.1,54.619811 -1.085054,1.3,31.20,-1,10,13,-1017,-3,19,1024,-1,-1,-1,1,-1,0x0000000000000000,1509,1499,992,1506,2012,988,988,988,2268,988,988,1500,1500,1500,1500,1500,1500,1500,1500,1500,1500,1500,1500,1500,1500,1500,1500,1500,1500,1500,1500,1500,7.9
2025-04-18,08:42:58.920,-126,-8,100,4,1,4,250,-3,100,13,8.1,1.9,75,90,-0.13,0.06,0.58,"ANGL",0.1,54.619811 -1.085054,1.3,31.20,-1,10,23,-1024,-3,19,1024,-1,-1,-1,1,-1,0x0000000000000000,1509,1499,988,1511,2012,988,988,988,2268,988,988,1500,1500,1500,1500,1500,1500,1500,1500,1500,1500,1500,1500,1500,1500,1500,1500,1500,1500,1500,1500,1500,7.9
2025-04-18,08:42:59.020,-126,-8,100,4,1,4,250,-3,100,13,8.1,1.9,75,90,-0.13,0.06,0.58,"ANGL",0.1,54.619812 -1.085055,0.6,31.20,-1,10,24,-1024,-3,19,1024,-1,-1,-1,1,-1,0x0000000000000000,1509,1499,988,1512,2012,988,988,988,2268,988,988,1500,1500,1500,1500,1500,1500,1500,1500,1500,1500,1500,1500,1500,1500,1500,1500,1500,1500,1500,1500,1500,7.9
2025-04-18,08:42:59.120,-126,-15,100,7,0,4,250,-10,100,14,8.1,2.0,75,90,-0.08,0.00,0.54,"ANGL",0.1,54.619812 -1.085055,0.6,31.20,-1,10,26,-1024,-3,19,1024,-1,-1,-1,1,-1,0x0000000000000000,1509,1499,988,1513,2012,988,988,988,2268,988,988,1500,1500,1500,1500,1500,1500,1500,1500,1500,1500,1500,1500,1500,1500,1500,1500,1500,1500,1500,1500,1500,7.9
2025-04-18,08:42:59.220,-126,-15,100,7,0,4,250,-10,100,14,8.1,2.0,75,90,-0.08,0.00,0.54,"ANGL",0.2,54.619812 -1.085055,0.6,31.20,-1,10,26,-1024,-3,19,1024,-1,-1,-1,1,-1,0x0000000000000000,1509,1499,988,1513,2012,988,988,988,2268,988,988,1500,1500,1500,1500,1500,1500,1500,1500,1500,1500,1500,1500,1500,1500,1500,1500,1500,1500,1500,1500,1500,7.9
2025-04-18,08:42:59.320,-5,-15,100,13,0,4,50,-14,100,13,8.1,2.0,75,90,-0.08,0.00,0.54,"ANGL",0.2,54.619813 -1.085055,0.3,31.20,-1,10,27,-1024,-3,19,1024,-1,-1,-1,1,-1,0x0000000000000000,1509,1499,988,1513,2012,988,988,988,2268,988,988,1500,1500,1500,1500,1500,1500,1500,1500,1500,1500,1500,1500,1500,1500,1500,1500,1500,1500,1500,1500,1500,7.9
2025-04-18,08:42:59.420,-5,-15,100,13,0,4,50,-14,100,13,8.1,2.0,75,90,-0.10,-0.04,0.67,"ANGL",0.2,54.619813 -1.085055,0.3,31.20,-1,10,27,-1024,-3,19,1024,-1,-1,-1,1,-1,0x0000000000000000,1509,1499,988,1513,2012,988,988,988,2268,988,988,1500,1500,1500,1500,1500,1500,1500,1500,1500,1500,1500,1500,1500,1500,1500,1500,1500,1500,1500,1500,1500,7.9
2025-04-18,08:42:59.520,-8,-15,100,14,0,4,50,-8,100,14,8.1,2.0,75,90,-0.10,-0.04,0.67,"ANGL",0.2,54.619816 -1.085053,2.4,25.30,-1,10,28,-1024,-3,19,1024,-1,-1,-1,1,-1,0x0000000000000000,1509,1499,988,1514,2012,988,988,988,2268,988,988,1500,1500,1500,1500,1500,1500,1500,1500,1500,1500,1500,1500,1500,1500,1500,1500,1500,1500,1500,1500,1500,7.9
2025-04-18,08:42:59.620,-8,-15,100,14,0,4,50,-8,100,14,8.1,2.0,76,90,-0.30,-0.06,0.67,"ANGL",0.2,54.619816 -1.085053,2.4,25.30,-1,10,28,-1024,-3,19,1024,-1,-1,-1,1,-1,0x0000000000000000,1509,1499,988,1514,2012,988,988,988,2268,988,988,1500,1500,1500,1500,1500,1500,1500,1500,1500,1500,1500,1500,1500,1500,1500,1500,1500,1500,1500,1500,1500,7.9
2025-04-18,08:42:59.720,-8,-15,100,14,0,4,50,-8,100,14,8.1,2.0,76,90,-0.30,-0.06,0.67,"ANGL",0.2,54.619816 -1.085053,2.4,25.30,-1,10,28,-1024,-3,19,1024,-1,-1,-1,1,-1,0x0000000000000000,1509,1499,988,1514,2012,988,988,988,2268,988,988,1500,1500,1500,1500,1500,1500,1500,1500,1500,1500,1500,1500,1500,1500,1500,1500,1500,1500,1500,1500,1500,7.9
2025-04-18,08:42:59.820,-8,-15,100,14,0,4,50,-13,100,14,8.1,2.1,76,90,-0.30,-0.06,0.67,"ANGL",0.2,54.619816 -1.085053,0.5,25.30,-1,10,30,-1024,-3,20,1024,-1,-1,-1,1,-1,0x0000000000000000,1510,1499,988,1515,2012,988,988,988,2268,988,988,1500,1500,1500,1500,1500,1500,1500,1500,1500,1500,1500,1500,1500,1500,1500,1500,1500,1500,1500,1500,1500,7.9
2025-04-18,08:42:59.920,-8,-15,100,14,0,4,50,-13,100,14,8.1,2.1,76,90,-0.20,-0.07,0.62,"ANGL",0.2,54.619816 -1.085053,0.5,25.30,-1,10,30,-1024,-3,19,1024,-1,-1,-1,1,-1,0x0000000000000000,1509,1499,988,1515,2012,988,988,988,2268,988,988,1500,1500,1500,1500,1500,1500,1500,1500,1500,1500,1500,1500,1500,1500,1500,1500,1500,1500,1500,1500,1500,7.9
2025-04-18,08:43:00.020,-9,-15,100,13,0,4,50,-5,100,13,8.1,2.1,76,90,-0.20,-0.07,0.62,"ANGL",0.3,54.619816 -1.085053,0.5,25.30,-1,10,30,-1024,-3,19,1024,-1,-1,-1,1,-1,0x0000000000000000,1509,1499,988,1515,2012,988,988,988,2268,988,988,1500,1500,1500,1500,1500,1500,1500,1500,1500,1500,1500,1500,1500,1500,1500,1500,1500,1500,1500,1500,1500,7.9
2025-04-18,08:43:00.120,-9,-15,100,13,0,4,50,-5,100,13,8.1,2.1,76,90,-0.20,-0.07,0.62,"ANGL",0.3,54.619817 -1.085053,0.4,25.30,-1,10,30,-1024,-3,19,1024,-1,-1,-1,1,-1,0x0000000000000000,1509,1499,988,1515,2012,988,988,988,2268,988,988,1500,1500,1500,1500,1500,1500,1500,1500,1500,1500,1500,1500,1500,1500,1500,1500,1500,1500,1500,1500,1500,7.9
2025-04-18,08:43:00.220,-9,-15,100,13,0,4,50,-5,100,13,8.1,2.1,76,90,-0.34,0.01,0.52,"ANGL",0.3,54.619817 -1.085053,0.4,25.30,-1,10,30,-1024,-3,19,1024,-1,-1,-1,1,-1,0x0000000000000000,1509,1499,988,1515,2012,988,988,988,2268,988,988,1500,1500,1500,1500,1500,1500,1500,1500,1500,1500,1500,1500,1500,1500,1500,1500,1500,1500,1500,1500,1500,7.9
2025-04-18,08:43:00.320,-8,-15,100,14,0,4,50,-5,100,13,8.1,2.1,76,90,-0.34,0.01,0.52,"ANGL",0.2,54.619817 -1.085054,1.4,25.30,-1,10,30,-1024,-5,19,1024,-1,-1,-1,1,-1,0x0000000000000000,1509,1498,988,1515,2012,988,988,988,2268,988,988,1500,1500,1500,1500,1500,1500,1500,1500,1500,1500,1500,1500,1500,1500,1500,1500,1500,1500,1500,1500,1500,7.9
2025-04-18,08:43:00.420,-8,-15,100,14,0,4,50,-5,100,13,8.1,2.1,76,90,-0.15,-0.07,0.37,"ANGL",0.2,54.619817 -1.085054,1.4,25.30,-1,10,30,-1024,-3,19,1024,-1,-1,-1,1,-1,0x0000000000000000,1509,1499,988,1515,2012,988,988,988,2268,988,988,1500,1500,1500,1500,1500,1500,1500,1500,1500,1500,1500,1500,1500,1500,1500,1500,1500,1500,1500,1500,1500,7.9
2025-04-18,08:43:00.520,-8,-15,100,13,0,4,50,-10,100,13,8.1,2.1,76,90,-0.15,-0.07,0.37,"ANGL",0.2,54.619817 -1.085054,1.4,25.30,-1,10,30,-1024,-5,19,1024,-1,-1,-1,1,-1,0x0000000000000000,1509,1498,988,1515,2012,988,988,988,2268,988,988,1500,1500,1500,1500,1500,1500,1500,1500,1500,1500,1500,1500,1500,1500,1500,1500,1500,1500,1500,1500,1500,7.9
2025-04-18,08:43:00.620,-8,-15,100,13,0,4,50,-10,100,13,8.1,2.1,76,90,-0.15,-0.07,0.37,"ANGL",0.2,54.619818 -1.085055,1.2,25.30,-1,10,30,-1024,-3,19,1024,-1,-1,-1,1,-1,0x0000000000000000,1509,1499,988,1515,2012,988,988,988,2268,988,988,1500,1500,1500,1500,1500,1500,1500,1500,1500,1500,1500,1500,1500,1500,1500,1500,1500,1500,1500,1500,1500,7.9
2025-04-18,08:43:00.720,-9,-15,100,13,0,4,50,-6,100,13,8.1,2.1,76,90,-0.11,-0.05,0.37,"ANGL",0.2,54.619818 -1.085055,1.2,25.30,-1,10,31,-1024,-5,19,1024,-1,-1,-1,1,-1,0x0000000000000000,1509,1498,988,1515,2012,988,988,988,2268,988,988,1500,1500,1500,1500,1500,1500,1500,1500,1500,1500,1500,1500,1500,1500,1500,1500,1500,1500,1500,1500,1500,7.9
2025-04-18,08:43:00.820,-9,-15,100,13,0,4,50,-6,100,13,8.1,2.1,76,90,-0.11,-0.05,0.37,"ANGL",0.3,54.619818 -1.085055,1.2,25.30,-1,10,31,-1024,-3,19,1024,-1,-1,-1,1,-1,0x0000000000000000,1509,1499,988,1515,2012,988,988,988,2268,988,988,1500,1500,1500,1500,1500,1500,1500,1500,1500,1500,1500,1500,1500,1500,1500,1500,1500,1500,1500,1500,1500,7.9
2025-04-18,08:43:00.920,-9,-15,100,13,0,4,50,-6,100,13,8.1,2.2,76,89,-0.11,-0.05,0.37,"ANGL",0.3,54.619819 -1.085056,0.4,25.30,-1,10,30,-1024,-3,19,1024,-1,-1,-1,1,-1,0x0000000000000000,1509,1499,988,1515,2012,988,988,988,2268,988,988,1500,1500,1500,1500,1500,1500,1500,1500,1500,1500,1500,1500,1500,1500,1500,1500,1500,1500,1500,1500,1500,7.9
2025-04-18,08:43:01.020,-8,-15,100,13,0,4,50,-5,100,13,8.1,2.2,76,89,-0.18,-0.01,0.33,"ANGL",0.3,54.619819 -1.085056,0.4,25.30,-1,10,30,-1024,-3,19,1024,-1,-1,-1,1,-1,0x0000000000000000,1509,1499,988,1515,2012,988,988,988,2268,988,988,1500,1500,1500,1500,1500,1500,1500,1500,1500,1500,1500,1500,1500,1500,1500,1500,1500,1500,1500,1500,1500,7.9
2025-04-18,08:43:01.120,-8,-15,100,13,0,4,50,-5,100,13,8.1,2.2,76,89,-0.18,-0.01,0.33,"ANGL",0.2,54.619819 -1.085056,0.4,25.30,-1,10,30,-1024,-3,19,1024,-1,-1,-1,1,-1,0x0000000000000000,1509,1499,988,1515,2012,988,988,988,2268,988,988,1500,1500,1500,1500,1500,1500,1500,1500,1500,1500,1500,1500,1500,1500,1500,1500,1500,1500,1500,1500,1500,7.9
2025-04-18,08:43:01.220,-8,-15,100,13,0,4,50,-4,100,14,8.1,2.2,77,89,-0.18,-0.01,0.33,"ANGL",0.2,54.619818 -1.085056,0.3,25.30,-1,10,30,-1024,-3,19,1024,-1,-1,-1,1,-1,0x0000000000000000,1509,1499,988,1515,2012,988,988,988,2268,988,988,1500,1500,1500,1500,1500,1500,1500,1500,1500,1500,1500,1500,1500,1500,1500,1500,1500,1500,1500,1500,1500,7.9
2025-04-18,08:43:01.320,-8,-15,100,13,0,4,50,-4,100,14,8.1,2.2,77,89,-0.19,-0.04,0.31,"ANGL",0.2,54.619818 -1.085056,0.3,25.30,-1,10,30,-1024,-3,19,1024,-1,-1,-1,1,-1,0x0000000000000000,1509,1499,988,1515,2012,988,988,988,2268,988,988,1500,1500,1500,1500,1500,1500,1500,1500,1500,1500,1500,1500,1500,1500,1500,1500,1500,1500,1500,1500,1500,7.9
2025-04-18,08:43:01.420,-8,-15,100,13,0,4,50,-4,100,14,8.1,2.2,77,89,-0.19,-0.04,0.31,"ANGL",0.3,54.619818 -1.085056,0.4,25.30,-1,10,30,-1024,-3,19,1024,-1,-1,-1,1,-1,0x0000000000000000,1509,1499,988,1515,2012,988,988,988,2268,988,988,1500,1500,1500,1500,1500,1500,1500,1500,1500,1500,1500,1500,1500,1500,1500,1500,1500,1500,1500,1500,1500,7.9
2025-04-18,08:43:01.520,-7,-15,100,14,0,4,50,-8,100,13,8.1,2.2,77,89,-0.19,-0.04,0.31,"ANGL",0.3,54.619818 -1.085056,0.4,25.30,-1,10,30,-1024,-3,19,1024,-1,-1,-1,1,-1,0x0000000000000000,1509,1499,988,1515,2012,988,988,988,2268,988,988,1500,1500,1500,1500,1500,1500,1500,1500,1500,1500,1500,1500,1500,1500,1500,1500,1500,1500,1500,1500,1500,7.9
2025-04-18,08:43:01.620,-7,-15,100,14,0,4,50,-8,100,13,8.1,2.2,77,89,-0.16,-0.06,0.31,"ANGL",0.3,54.619818 -1.085056,0.4,25.30,-1,10,30,-1024,-3,19,1024,-1,-1,-1,1,-1,0x0000000000000000,1509,1499,988,1515,2012,988,988,988,2268,988,988,1500,1500,1500,1500,1500,1500,1500,1500,1500,1500,1500,1500,1500,1500,1500,1500,1500,1500,1500,1500,1500,7.9
2025-04-18,08:43:01.720,-7,-15,100,14,0,4,50,-5,100,13,8.1,2.2,77,89,-0.16,-0.06,0.31,"ANGL",0.3,54.619818 -1.085056,0.2,25.30,-1,10,30,-1024,-3,19,1024,-1,-1,-1,1,-1,0x0000000000000000,1509,1499,988,1515,2012,988,988,988,2268,988,988,1500,1500,1500,1500,1500,1500,1500,1500,1500,1500,1500,1500,1500,1500,1500,1500,1500,1500,1500,1500,1500,7.9
2025-04-18,08:43:01.820,-7,-15,100,14,0,4,50,-5,100,13,8.1,2.2,77,89,-0.19,-0.08,0.34,"ANGL",0.3,54.619818 -1.085056,0.2,25.30,-1,10,30,-1024,-3,19,1024,-1,-1,-1,1,-1,0x0000000000000000,1509,1499,988,1515,2012,988,988,988,2268,988,988,1500,1500,1500,1500,1500,1500,1500,1500,1500,1500,1500,1500,1500,1500,1500,1500,1500,1500,1500,1500,1500,7.9
2025-04-18,08:43:01.920,-7,-15,100,14,0,4,50,-5,100,14,8.1,2.2,77,89,-0.19,-0.08,0.34,"ANGL",0.3,54.619818 -1.085056,0.7,25.30,-1,10,30,-1024,-3,19,1024,-1,-1,-1,1,-1,0x0000000000000000,1509,1499,988,1515,2012,988,988,988,2268,988,988,1500,1500,1500,1500,1500,1500,1500,1500,1500,1500,1500,1500,1500,1500,1500,1500,1500,1500,1500,1500,1500,7.9
2025-04-18,08:43:02.020,-7,-15,100,14,0,4,50,-5,100,14,8.1,2.2,77,89,-0.19,-0.08,0.34,"ANGL",0.3,54.619818 -1.085056,0.7,25.30,-1,10,30,-1024,-3,19,1024,-1,-1,-1,1,-1,0x0000000000000000,1509,1499,988,1515,2012,988,988,988,2268,988,988,1500,1500,1500,1500,1500,1500,1500,1500,1500,1500,1500,1500,1500,1500,1500,1500,1500,1500,1500,1500,1500,7.9
2025-04-18,08:43:02.120,-7,-15,100,14,0,4,50,-5,100,14,8.1,2.2,77,89,-0.20,-0.06,0.39,"ANGL",0.3,54.619818 -1.085056,0.7,25.30,-1,10,30,-1024,-3,19,1024,-1,-1,-1,1,-1,0x0000000000000000,1509,1499,988,1515,2012,988,988,988,2268,988,988,1500,1500,1500,1500,1500,1500,1500,1500,1500,1500,1500,1500,1500,1500,1500,1500,1500,1500,1500,1500,1500,7.9
2025-04-18,08:43:02.220,-7,-15,100,13,0,4,50,-8,100,13,8.1,2.2,77,89,-0.20,-0.06,0.39,"ANGL",0.4,54.619816 -1.085055,0.9,25.30,-1,10,30,-1024,-3,19,1024,-1,-1,-1,1,-1,0x0000000000000000,1509,1499,988,1515,2012,988,988,988,2268,988,988,1500,1500,1500,1500,1500,1500,1500,1500,1500,1500,1500,1500,1500,1500,1500,1500,1500,1500,1500,1500,1500,7.9
2025-04-18,08:43:02.320,-7,-15,100,13,0,4,50,-8,100,13,8.1,2.2,77,89,-0.21,-0.05,0.40,"ANGL",0.4,54.619816 -1.085055,0.9,25.30,-1,10,30,-1024,-3,19,1024,-1,-1,-1,1,-1,0x0000000000000000,1509,1499,988,1515,2012,988,988,988,2268,988,988,1500,1500,1500,1500,1500,1500,1500,1500,1500,1500,1500,1500,1500,1500,1500,1500,1500,1500,1500,1500,1500,7.9
2025-04-18,08:43:02.420,-7,-15,100,13,0,4,50,-4,100,14,8.1,2.2,77,89,-0.21,-0.05,0.40,"ANGL",0.3,54.619815 -1.085056,1.7,25.30,-1,10,30,-1024,-3,19,1024,-1,-1,-1,1,-1,0x0000000000000000,1509,1499,988,1515,2012,988,988,988,2268,988,988,1500,1500,1500,1500,1500,1500,1500,1500,1500,1500,1500,1500,1500,1500,1500,1500,1500,1500,1500,1500,1500,7.9
2025-04-18,08:43:02.520,-7,-15,100,13,0,4,50,-4,100,14,8.1,2.2,77,89,-0.20,-0.06,0.39,"ANGL",0.3,54.619815 -1.085056,1.7,25.30,-1,10,30,-1024,-3,19,1024,-1,-1,-1,1,-1,0x0000000000000000,1509,1499,988,1515,2012,988,988,988,2268,988,988,1500,1500,1500,1500,1500,1500,1500,1500,1500,1500,1500,1500,1500,1500,1500,1500,1500,1500,1500,1500,1500,7.9
2025-04-18,08:43:02.620,-7,-15,100,13,0,4,50,-4,100,14,8.1,2.2,77,89,-0.20,-0.06,0.39,"ANGL",0.2,54.619814 -1.085057,2.7,25.30,-1,10,30,-1024,-3,19,1024,-1,-1,-1,1,-1,0x0000000000000000,1509,1499,988,1515,2012,988,988,988,2268,988,988,1500,1500,1500,1500,1500,1500,1500,1500,1500,1500,1500,1500,1500,1500,1500,1500,1500,1500,1500,1500,1500,7.9
2025-04-18,08:43:02.720,-7,-15,100,13,0,4,50,-7,100,14,8.1,2.2,78,89,-0.23,-0.12,0.36,"ANGL",0.2,54.619814 -1.085057,2.7,25.30,-1,10,30,-1024,-3,19,1024,-1,-1,-1,1,-1,0x0000000000000000,1509,1499,988,1515,2012,988,988,988,2268,988,988,1500,1500,1500,1500,1500,1500,1500,1500,1500,1500,1500,1500,1500,1500,1500,1500,1500,1500,1500,1500,1500,7.9
2025-04-18,08:43:02.820,-7,-15,100,13,0,4,50,-7,100,14,8.1,2.2,78,89,-0.23,-0.12,0.36,"ANGL",0.3,54.619814 -1.085057,2.7,25.30,-1,10,30,-1024,-3,19,1024,-1,-1,-1,1,-1,0x0000000000000000,1509,1499,988,1515,2012,988,988,988,2268,988,988,1500,1500,1500,1500,1500,1500,1500,1500,1500,1500,1500,1500,1500,1500,1500,1500,1500,1500,1500,1500,1500,7.9
2025-04-18,08:43:02.920,-7,-15,100,14,0,4,50,-4,100,14,8.1,2.2,78,89,-0.23,-0.12,0.36,"ANGL",0.3,54.619813 -1.085057,1.3,25.30,-1,10,30,-1024,-3,19,1024,-1,-1,-1,1,-1,0x0000000000000000,1509,1499,988,1515,2012,988,988,988,2268,988,988,1500,1500,1500,1500,1500,1500,1500,1500,1500,1500,1500,1500,1500,1500,1500,1500,1500,1500,1500,1500,1500,7.9
2025-04-18,08:43:03.020,-7,-15,100,14,0,4,50,-4,100,14,8.1,2.2,78,89,-0.22,-0.10,0.36,"ANGL",0.3,54.619813 -1.085057,1.3,25.30,-1,10,30,-1024,-3,19,1024,-1,-1,-1,1,-1,0x0000000000000000,1509,1499,988,1515,2012,988,988,988,2268,988,988,1500,1500,1500,1500,1500,1500,1500,1500,1500,1500,1500,1500,1500,1500,1500,1500,1500,1500,1500,1500,1500,7.9
2025-04-18,08:43:03.120,-6,-15,100,13,0,4,50,-7,100,13,8.1,2.2,78,89,-0.22,-0.10,0.36,"ANGL",0.2,54.619813 -1.085057,1.3,25.30,-1,10,30,-1024,-3,19,1024,-1,-1,-1,1,-1,0x0000000000000000,1509,1499,988,1515,2012,988,988,988,2268,988,988,1500,1500,1500,1500,1500,1500,1500,1500,1500,1500,1500,1500,1500,1500,1500,1500,1500,1500,1500,1500,1500,7.9
2025-04-18,08:43:03.220,-6,-15,100,13,0,4,50,-7,100,13,8.1,2.2,78,90,-0.22,-0.10,0.36,"ANGL",0.2,54.619812 -1.085058,1.7,25.30,-1,10,30,-1024,-3,19,1024,-1,-1,-1,1,-1,0x0000000000000000,1509,1499,988,1515,2012,988,988,988,2268,988,988,1500,1500,1500,1500,1500,1500,1500,1500,1500,1500,1500,1500,1500,1500,1500,1500,1500,1500,1500,1500,1500,7.9
2025-04-18,08:43:03.320,-6,-15,100,13,0,4,50,-7,100,13,8.1,2.2,78,90,-0.20,-0.13,0.40,"ANGL",0.2,54.619812 -1.085058,1.7,25.30,-1,10,30,-1024,-3,19,1024,-1,-1,-1,1,-1,0x0000000000000000,1509,1499,988,1515,2012,988,988,988,2268,988,988,1500,1500,1500,1500,1500,1500,1500,1500,1500,1500,1500,1500,1500,1500,1500,1500,1500,1500,1500,1500,1500,7.9
2025-04-18,08:43:03.420,-6,-15,100,14,0,4,50,-4,100,15,8.1,2.2,78,90,-0.20,-0.13,0.40,"ANGL",0.3,54.619811 -1.085058,1.0,25.30,-1,10,30,-1024,-3,19,1024,-1,-1,-1,1,-1,0x0000000000000000,1509,1499,988,1515,2012,988,988,988,2268,988,988,1500,1500,1500,1500,1500,1500,1500,1500,1500,1500,1500,1500,1500,1500,1500,1500,1500,1500,1500,1500,1500,7.9
2025-04-18,08:43:03.520,-6,-15,100,14,0,4,50,-4,100,15,8.1,2.2,78,90,-0.21,-0.10,0.44,"ANGL",0.3,54.619811 -1.085058,1.0,25.30,-1,10,30,-1024,-3,19,1024,-1,-1,-1,1,-1,0x0000000000000000,1509,1499,988,1515,2012,988,988,988,2268,988,988,1500,1500,1500,1500,1500,1500,1500,1500,1500,1500,1500,1500,1500,1500,1500,1500,1500,1500,1500,1500,1500,7.9
2025-04-18,08:43:03.620,-6,-15,100,13,0,4,50,-6,100,13,8.1,2.2,78,90,-0.21,-0.10,0.44,"ANGL",0.2,54.619810 -1.085057,1.2,25.30,-1,10,30,-1024,-5,19,1024,-1,-1,-1,1,-1,0x0000000000000000,1509,1498,988,1515,2012,988,988,988,2268,988,988,1500,1500,1500,1500,1500,1500,1500,1500,1500,1500,1500,1500,1500,1500,1500,1500,1500,1500,1500,1500,1500,7.9
2025-04-18,08:43:03.720,-6,-15,100,13,0,4,50,-6,100,13,8.1,2.2,78,90,-0.19,-0.10,0.41,"ANGL",0.2,54.619810 -1.085057,1.2,25.30,-1,10,30,-1024,-5,19,1024,-1,-1,-1,1,-1,0x0000000000000000,1509,1498,988,1515,2012,988,988,988,2268,988,988,1500,1500,1500,1500,1500,1500,1500,1500,1500,1500,1500,1500,1500,1500,1500,1500,1500,1500,1500,1500,1500,7.9
2025-04-18,08:43:03.820,-6,-15,100,13,0,4,50,-6,100,13,8.1,2.2,78,90,-0.19,-0.10,0.41,"ANGL",0.2,54.619810 -1.085057,1.2,25.30,-1,10,30,-1024,-5,19,1024,-1,-1,-1,1,-1,0x0000000000000000,1509,1498,988,1515,2012,988,988,988,2268,988,988,1500,1500,1500,1500,1500,1500,1500,1500,1500,1500,1500,1500,1500,1500,1500,1500,1500,1500,1500,1500,1500,7.9
2025-04-18,08:43:03.920,-6,-15,100,13,0,4,50,-4,100,15,8.1,2.2,78,90,-0.19,-0.10,0.41,"ANGL",0.1,54.619808 -1.085056,2.2,25.30,-1,10,30,-1024,-5,19,1024,-1,-1,-1,1,-1,0x0000000000000000,1509,1498,988,1515,2012,988,988,988,2268,988,988,1500,1500,1500,1500,1500,1500,1500,1500,1500,1500,1500,1500,1500,1500,1500,1500,1500,1500,1500,1500,1500,7.9
2025-04-18,08:43:04.020,-6,-15,100,13,0,4,50,-4,100,15,8.1,2.2,78,90,-0.18,-0.12,0.38,"ANGL",0.1,54.619808 -1.085056,2.2,25.30,-1,10,30,-830,-5,19,1024,-1,-1,-1,1,-1,0x0000000000000000,1509,1498,1085,1515,2012,988,988,988,2268,988,988,1500,1500,1500,1500,1500,1500,1500,1500,1500,1500,1500,1500,1500,1500,1500,1500,1500,1500,1500,1500,1500,7.9
2025-04-18,08:43:04.120,-6,-15,100,14,0,4,50,-5,100,14,8.1,2.2,78,90,-0.18,-0.12,0.38,"ANGL",0.2,54.619808 -1.085056,2.2,25.30,-1,10,30,-190,-5,19,1024,-1,-1,-1,1,-1,0x0000000000000000,1509,1498,1405,1515,2012,988,988,988,2268,988,988,1500,1500,1500,1500,1500,1500,1500,1500,1500,1500,1500,1500,1500,1500,1500,1500,1500,1500,1500,1500,1500,7.9
2025-04-18,08:43:04.220,-6,-15,100,14,0,4,50,-5,100,14,8.1,2.2,78,90,-0.18,-0.12,0.38,"ANGL",0.2,54.619808 -1.085055,0.5,25.30,-1,10,30,202,-5,19,1024,-1,-1,-1,1,-1,0x0000000000000000,1509,1498,1601,1515,2012,988,988,988,2268,988,988,1500,1500,1500,1500,1500,1500,1500,1500,1500,1500,1500,1500,1500,1500,1500,1500,1500,1500,1500,1500,1500,7.9
2025-04-18,08:43:04.320,-6,-15,100,14,0,4,25,-10,100,14,8.1,2.2,78,90,-0.17,-0.09,0.36,"ANGL",0.2,54.619808 -1.085055,0.5,25.30,-1,10,31,619,-5,19,1024,-1,-1,-1,1,-1,0x0000000000000000,1509,1498,1809,1515,2012,988,988,988,2268,988,988,1500,1500,1500,1500,1500,1500,1500,1500,1500,1500,1500,1500,1500,1500,1500,1500,1500,1500,1500,1500,1500,7.9
2025-04-18,08:43:04.420,-6,-15,100,14,0,4,25,-10,100,14,8.1,2.2,78,90,-0.17,-0.09,0.36,"ANGL",0.1,54.619809 -1.085055,1.1,25.30,-1,10,35,749,-5,19,1024,-1,-1,-1,1,-1,0x0000000000000000,1509,1498,1874,1517,2012,988,988,988,2268,988,988,1500,1500,1500,1500,1500,1500,1500,1500,1500,1500,1500,1500,1500,1500,1500,1500,1500,1500,1500,1500,1500,7.9
2025-04-18,08:43:04.520,-6,-15,100,14,0,4,25,-10,100,14,8.1,2.4,79,89,-0.17,-0.06,0.35,"ANGL",0.1,54.619809 -1.085055,1.1,25.30,-1,10,38,1024,-5,19,1024,-1,-1,-1,1,-1,0x0000000000000000,1509,1498,2012,1519,2012,988,988,988,2268,988,988,1500,1500,1500,1500,1500,1500,1500,1500,1500,1500,1500,1500,1500,1500,1500,1500,1500,1500,1500,1500,1500,7.9
2025-04-18,08:43:04.620,-7,-15,100,14,0,4,25,-8,100,14,8.1,2.4,79,89,-0.17,-0.06,0.35,"ANGL",0.1,54.619809 -1.085055,1.1,25.30,-1,10,40,1024,-5,19,1024,-1,-1,-1,1,-1,0x0000000000000000,1509,1498,2012,1520,2012,988,988,988,2268,988,988,1500,1500,1500,1500,1500,1500,1500,1500,1500,1500,1500,1500,1500,1500,1500,1500,1500,1500,1500,1500,1500,7.9
2025-04-18,08:43:04.720,-7,-15,100,14,0,4,25,-8,100,14,8.1,2.4,79,89,-0.17,-0.06,0.35,"ANGL",0.1,54.619808 -1.085056,1.3,25.30,-1,10,40,1024,-5,19,1024,-1,-1,-1,1,-1,0x0000000000000000,1509,1498,2012,1520,2012,988,988,988,2268,988,988,1500,1500,1500,1500,1500,1500,1500,1500,1500,1500,1500,1500,1500,1500,1500,1500,1500,1500,1500,1500,1500,7.9
2025-04-18,08:43:04.820,-8,-15,100,13,0,4,25,-10,100,15,8.0,2.8,79,87,-0.12,0.00,0.42,"ANGL",0.1,54.619808 -1.085056,1.3,25.30,-1,10,40,1024,-5,19,1024,-1,-1,-1,1,-1,0x0000000000000000,1509,1498,2012,1520,2012,988,988,988,2268,988,988,1500,1500,1500,1500,1500,1500,1500,1500,1500,1500,1500,1500,1500,1500,1500,1500,1500,1500,1500,1500,1500,7.9
2025-04-18,08:43:04.920,-8,-15,100,13,0,4,25,-10,100,15,8.0,2.8,79,87,-0.12,0.00,0.42,"ANGL",0.2,54.619808 -1.085056,1.3,25.30,-1,10,40,1024,-5,19,1024,-1,-1,-1,1,-1,0x0000000000000000,1509,1498,2012,1520,2012,988,988,988,2268,988,988,1500,1500,1500,1500,1500,1500,1500,1500,1500,1500,1500,1500,1500,1500,1500,1500,1500,1500,1500,1500,1500,7.9
2025-04-18,08:43:05.020,-8,-15,100,13,0,4,25,-10,100,15,8.0,3.5,79,85,-0.12,0.00,0.42,"ANGL",0.2,54.619808 -1.085057,0.8,25.30,-1,10,39,1024,-5,19,1024,-1,-1,-1,1,-1,0x0000000000000000,1509,1498,2012,1519,2012,988,988,988,2268,988,988,1500,1500,1500,1500,1500,1500,1500,1500,1500,1500,1500,1500,1500,1500,1500,1500,1500,1500,1500,1500,1500,7.9
2025-04-18,08:43:05.120,-9,-15,100,13,0,4,25,-8,100,13,8.0,3.5,79,85,-0.16,0.06,0.48,"ANGL",0.2,54.619808 -1.085057,0.8,25.30,-1,10,40,1024,-5,19,1024,-1,-1,-1,1,-1,0x0000000000000000,1509,1498,2012,1520,2012,988,988,988,2268,988,988,1500,1500,1500,1500,1500,1500,1500,1500,1500,1500,1500,1500,1500,1500,1500,1500,1500,1500,1500,1500,1500,7.9
2025-04-18,08:43:05.220,-9,-15,100,13,0,4,25,-8,100,13,8.0,3.5,79,85,-0.16,0.06,0.48,"ANGL",0.3,54.619808 -1.085057,0.8,25.30,-1,10,40,1024,-5,19,1024,-1,-1,-1,1,-1,0x0000000000000000,1509,1498,2012,1520,2012,988,988,988,2268,988,988,1500,1500,1500,1500,1500,1500,1500,1500,1500,1500,1500,1500,1500,1500,1500,1500,1500,1500,1500,1500,1500,7.9
2025-04-18,08:43:05.320,-9,-15,100,13,0,4,25,-13,100,13,7.9,4.2,79,83,-0.16,0.06,0.48,"ANGL",0.3,54.619807 -1.085057,0.9,25.30,-1,10,39,1024,-5,19,1024,-1,-1,-1,1,-1,0x0000000000000000,1509,1498,2012,1519,2012,988,988,988,2268,988,988,1500,1500,1500,1500,1500,1500,1500,1500,1500,1500,1500,1500,1500,1500,1500,1500,1500,1500,1500,1500,1500,7.9
2025-04-18,08:43:05.420,-9,-15,100,13,0,4,25,-13,100,13,7.9,4.2,79,83,-0.23,0.06,0.51,"ANGL",0.3,54.619807 -1.085057,0.9,25.30,-1,10,40,1024,-3,20,1024,-1,-1,-1,1,-1,0x0000000000000000,1510,1499,2012,1520,2012,988,988,988,2268,988,988,1500,1500,1500,1500,1500,1500,1500,1500,1500,1500,1500,1500,1500,1500,1500,1500,1500,1500,1500,1500,1500,7.9
2025-04-18,08:43:05.520,-10,-6,100,14,1,4,25,-8,100,14,7.9,4.2,79,83,-0.23,0.06,0.51,"ANGL",0.1,54.619806 -1.085056,0.6,25.30,-1,10,39,1024,-5,19,1024,-1,-1,-1,1,-1,0x0000000000000000,1509,1498,2012,1519,2012,988,988,988,2268,988,988,1500,1500,1500,1500,1500,1500,1500,1500,1500,1500,1500,1500,1500,1500,1500,1500,1500,1500,1500,1500,1500,7.9
2025-04-18,08:43:05.620,-10,-6,100,14,1,4,25,-8,100,14,7.8,5.3,80,80,-0.23,0.06,0.51,"ANGL",0.1,54.619806 -1.085056,0.6,25.30,-1,10,40,1024,-5,19,1024,-1,-1,-1,1,-1,0x0000000000000000,1509,1498,2012,1520,2012,988,988,988,2268,988,988,1500,1500,1500,1500,1500,1500,1500,1500,1500,1500,1500,1500,1500,1500,1500,1500,1500,1500,1500,1500,1500,7.9
2025-04-18,08:43:05.720,-10,-6,100,14,1,4,25,-8,100,14,7.8,5.3,80,80,-0.24,0.01,0.61,"ANGL",0.1,54.619806 -1.085056,0.6,25.30,-1,10,39,1024,-5,19,1024,-1,-1,-1,1,-1,0x0000000000000000,1509,1498,2012,1519,2012,988,988,988,2268,988,988,1500,1500,1500,1500,1500,1500,1500,1500,1500,1500,1500,1500,1500,1500,1500,1500,1500,1500,1500,1500,1500,7.9
2025-04-18,08:43:05.820,-10,-6,100,14,1,4,25,-7,100,14,7.8,5.3,80,80,-0.24,0.01,0.61,"ANGL",0.3,54.619807 -1.085055,0.4,25.30,-1,10,40,1024,-5,19,1024,-1,-1,-1,1,-1,0x0000000000000000,1509,1498,2012,1520,2012,988,988,988,2268,988,988,1500,1500,1500,1500,1500,1500,1500,1500,1500,1500,1500,1500,1500,1500,1500,1500,1500,1500,1500,1500,1500,7.9
2025-04-18,08:43:05.920,-10,-6,100,14,1,4,25,-7,100,14,7.7,6.2,80,77,-0.26,0.03,0.52,"ANGL",0.3,54.619807 -1.085055,0.4,25.30,-1,10,40,1024,-5,19,1024,-1,-1,-1,1,-1,0x0000000000000000,1509,1498,2012,1520,2012,988,988,988,2268,988,988,1500,1500,1500,1500,1500,1500,1500,1500,1500,1500,1500,1500,1500,1500,1500,1500,1500,1500,1500,1500,1500,7.9
2025-04-18,08:43:06.020,-10,-6,100,13,1,4,25,-8,100,13,7.7,6.2,80,77,-0.26,0.03,0.52,"ANGL",0.1,54.619807 -1.085055,0.4,25.30,-1,10,40,1024,-5,19,1024,-1,-1,-1,1,-1,0x0000000000000000,1509,1498,2012,1520,2012,988,988,988,2268,988,988,1500,1500,1500,1500,1500,1500,1500,1500,1500,1500,1500,1500,1500,1500,1500,1500,1500,1500,1500,1500,1500,7.9
2025-04-18,08:43:06.120,-10,-6,100,13,1,4,25,-8,100,13,7.7,6.3,81,76,-0.26,0.03,0.52,"ANGL",0.1,54.619807 -1.085055,0.8,25.30,-1,10,40,1024,-5,19,1024,-1,-1,-1,1,-1,0x0000000000000000,1509,1498,2012,1520,2012,988,988,988,2268,988,988,1500,1500,1500,1500,1500,1500,1500,1500,1500,1500,1500,1500,1500,1500,1500,1500,1500,1500,1500,1500,1500,7.9
2025-04-18,08:43:06.220,-10,-6,100,13,1,4,25,-8,100,13,7.7,6.3,81,76,-0.32,0.05,0.57,"ANGL",0.1,54.619807 -1.085055,0.8,25.30,-1,10,39,1024,-5,19,1024,-1,-1,-1,1,-1,0x0000000000000000,1509,1498,2012,1519,2012,988,988,988,2268,988,988,1500,1500,1500,1500,1500,1500,1500,1500,1500,1500,1500,1500,1500,1500,1500,1500,1500,1500,1500,1500,1500,7.9
2025-04-18,08:43:06.320,-10,-6,100,13,1,4,25,-8,100,13,7.7,6.3,81,76,-0.32,0.05,0.57,"ANGL",0.0,54.619807 -1.085055,0.8,25.30,-1,10,39,1024,-5,19,1024,-1,-1,-1,1,-1,0x0000000000000000,1509,1498,2012,1519,2012,988,988,988,2268,988,988,1500,1500,1500,1500,1500,1500,1500,1500,1500,1500,1500,1500,1500,1500,1500,1500,1500,1500,1500,1500,1500,7.9
2025-04-18,08:43:06.420,-10,-6,100,13,1,4,25,-8,100,13,7.5,9.6,81,67,-0.32,0.05,0.57,"ANGL",0.0,54.619807 -1.085055,1.2,25.30,-1,10,39,1024,-5,19,1024,-1,-1,-1,1,-1,0x0000000000000000,1509,1498,2012,1519,2012,988,988,988,2268,988,988,1500,1500,1500,1500,1500,1500,1500,1500,1500,1500,1500,1500,1500,1500,1500,1500,1500,1500,1500,1500,1500,7.9
2025-04-18,08:43:06.520,-10,-7,100,14,1,4,25,-9,100,14,7.5,9.6,81,67,-0.24,-0.02,0.49,"ANGL",0.0,54.619807 -1.085055,1.2,25.30,-1,10,40,1024,-5,19,1024,-1,-1,-1,1,-1,0x0000000000000000,1509,1498,2012,1520,2012,988,988,988,2268,988,988,1500,1500,1500,1500,1500,1500,1500,1500,1500,1500,1500,1500,1500,1500,1500,1500,1500,1500,1500,1500,1500,7.9
2025-04-18,08:43:06.620,-10,-7,100,14,1,4,25,-9,100,14,7.5,9.6,81,67,-0.24,-0.02,0.49,"ANGL",0.1,54.619807 -1.085055,2.1,25.30,-1,10,39,1024,-5,19,1024,-1,-1,-1,1,-1,0x0000000000000000,1509,1498,2012,1519,2012,988,988,988,2268,988,988,1500,1500,1500,1500,1500,1500,1500,1500,1500,1500,1500,1500,1500,1500,1500,1500,1500,1500,1500,1500,1500,7.9
2025-04-18,08:43:06.720,-10,-8,100,13,1,4,25,-9,100,13,7.3,11.0,82,63,-0.30,-0.04,0.56,"ANGL",0.1,54.619807 -1.085055,2.1,25.30,-1,10,40,1024,-5,19,1024,-1,-1,-1,1,-1,0x0000000000000000,1509,1498,2012,1520,2012,988,988,988,2268,988,988,1500,1500,1500,1500,1500,1500,1500,1500,1500,1500,1500,1500,1500,1500,1500,1500,1500,1500,1500,1500,1500,7.9
2025-04-18,08:43:06.820,-10,-8,100,13,1,4,25,-9,100,13,7.3,11.0,82,63,-0.30,-0.04,0.56,"ANGL",0.1,54.619807 -1.085055,2.1,25.30,-1,10,40,1024,-5,20,1024,-1,-1,-1,1,-1,0x0000000000000000,1510,1498,2012,1520,2012,988,988,988,2268,988,988,1500,1500,1500,1500,1500,1500,1500,1500,1500,1500,1500,1500,1500,1500,1500,1500,1500,1500,1500,1500,1500,7.9
2025-04-18,08:43:06.920,-10,-8,100,13,1,4,25,-9,100,13,7.3,11.0,82,63,-0.30,-0.04,0.56,"ANGL",0.1,54.619808 -1.085054,1.0,25.30,-1,10,40,1024,-5,20,1024,-1,-1,-1,1,-1,0x0000000000000000,1510,1498,2012,1520,2012,988,988,988,2268,988,988,1500,1500,1500,1500,1500,1500,1500,1500,1500,1500,1500,1500,1500,1500,1500,1500,1500,1500,1500,1500,1500,7.9
2025-04-18,08:43:07.020,-10,-7,100,14,1,4,25,-8,100,13,7.3,11.2,83,62,-0.42,-0.07,0.20,"ANGL",0.1,54.619808 -1.085054,1.0,25.30,-1,10,40,1024,-5,20,1024,-1,-1,-1,1,-1,0x0000000000000000,1510,1498,2012,1520,2012,988,988,988,2268,988,988,1500,1500,1500,1500,1500,1500,1500,1500,1500,1500,1500,1500,1500,1500,1500,1500,1500,1500,1500,1500,1500,7.9
2025-04-18,08:43:07.120,-10,-7,100,14,1,4,25,-8,100,13,7.3,11.2,83,62,-0.42,-0.07,0.20,"ANGL",-0.3,54.619808 -1.085054,1.0,25.30,-1,10,40,1024,-5,20,1024,-1,-1,-1,1,-1,0x0000000000000000,1510,1498,2012,1520,2012,988,988,988,2268,988,988,1500,1500,1500,1500,1500,1500,1500,1500,1500,1500,1500,1500,1500,1500,1500,1500,1500,1500,1500,1500,1500,7.9
2025-04-18,08:43:07.220,-10,-7,100,13,1,4,25,-6,100,13,7.3,11.2,84,61,-0.42,-0.07,0.20,"ANGL",-0.3,54.619807 -1.085058,3.5,25.30,-1,10,40,1024,-5,19,1024,-1,-1,-1,1,-1,0x0000000000000000,1509,1498,2012,1520,2012,988,988,988,2268,988,988,1500,1500,1500,1500,1500,1500,1500,1500,1500,1500,1500,1500,1500,1500,1500,1500,1500,1500,1500,1500,1500,7.9
2025-04-18,08:43:07.320,-10,-7,100,13,1,4,25,-6,100,13,7.3,11.2,84,61,-0.27,-0.20,-0.43,"ANGL",-0.3,54.619807 -1.085058,3.5,25.30,-1,10,40,1024,-5,19,1024,-1,-1,-1,1,-1,0x0000000000000000,1509,1498,2012,1520,2012,988,988,988,2268,988,988,1500,1500,1500,1500,1500,1500,1500,1500,1500,1500,1500,1500,1500,1500,1500,1500,1500,1500,1500,1500,1500,7.9
2025-04-18,08:43:07.420,-10,-7,100,13,1,4,25,-6,100,13,7.3,11.2,84,61,-0.27,-0.20,-0.43,"ANGL",0.4,54.619807 -1.085058,3.5,25.30,-1,10,40,1024,-5,19,1024,-1,-1,-1,1,-1,0x0000000000000000,1509,1498,2012,1520,2012,988,988,988,2268,988,988,1500,1500,1500,1500,1500,1500,1500,1500,1500,1500,1500,1500,1500,1500,1500,1500,1500,1500,1500,1500,1500,7.9
2025-04-18,08:43:07.520,-10,-7,100,14,1,4,25,-13,100,14,7.3,11.1,85,61,-0.27,-0.20,-0.43,"ANGL",0.4,54.619807 -1.085058,1.4,252.70,-1,10,40,1024,-5,20,1024,-1,-1,-1,1,-1,0x0000000000000000,1510,1498,2012,1520,2012,988,988,988,2268,988,988,1500,1500,1500,1500,1500,1500,1500,1500,1500,1500,1500,1500,1500,1500,1500,1500,1500,1500,1500,1500,1500,7.9
2025-04-18,08:43:07.620,-10,-7,100,14,1,4,25,-13,100,14,7.3,11.1,85,61,-0.44,-0.02,0.01,"ANGL",0.4,54.619807 -1.085058,1.4,252.70,-1,10,39,1024,-5,20,1024,-1,-1,-1,1,-1,0x0000000000000000,1510,1498,2012,1519,2012,988,988,988,2268,988,988,1500,1500,1500,1500,1500,1500,1500,1500,1500,1500,1500,1500,1500,1500,1500,1500,1500,1500,1500,1500,1500,7.9
2025-04-18,08:43:07.720,-10,-9,100,13,1,4,25,-17,100,13,7.3,11.1,85,61,-0.44,-0.02,0.01,"ANGL",2.0,54.619810 -1.085048,9.8,73.00,0,10,39,1024,-5,20,1024,-1,-1,-1,1,-1,0x0000000000000000,1510,1498,2012,1519,2012,988,988,988,2268,988,988,1500,1500,1500,1500,1500,1500,1500,1500,1500,1500,1500,1500,1500,1500,1500,1500,1500,1500,1500,1500,1500,7.9
2025-04-18,08:43:07.820,-10,-9,100,13,1,4,25,-17,100,13,7.3,10.9,85,61,-0.22,0.23,0.68,"ANGL",2.0,54.619810 -1.085048,9.8,73.00,0,10,40,1024,-5,20,1024,-1,-1,-1,1,-1,0x0000000000000000,1510,1498,2012,1520,2012,988,988,988,2268,988,988,1500,1500,1500,1500,1500,1500,1500,1500,1500,1500,1500,1500,1500,1500,1500,1500,1500,1500,1500,1500,1500,7.9
2025-04-18,08:43:07.920,-21,-12,100,14,0,4,250,-17,100,13,7.3,10.9,85,61,-0.22,0.23,0.68,"ANGL",2.0,54.619810 -1.085048,9.8,73.00,0,10,40,1024,-3,19,1024,-1,-1,-1,1,-1,0x0000000000000000,1509,1499,2012,1520,2012,988,988,988,2268,988,988,1500,1500,1500,1500,1500,1500,1500,1500,1500,1500,1500,1500,1500,1500,1500,1500,1500,1500,1500,1500,1500,7.9
2025-04-18,08:43:08.020,-21,-12,100,14,0,4,250,-17,100,13,7.3,10.9,85,61,-0.22,0.23,0.68,"ANGL",1.1,54.619812 -1.085037,13.0,73.90,0,10,39,1024,-3,19,1024,-1,-1,-1,1,-1,0x0000000000000000,1509,1499,2012,1519,2012,988,988,988,2268,988,988,1500,1500,1500,1500,1500,1500,1500,1500,1500,1500,1500,1500,1500,1500,1500,1500,1500,1500,1500,1500,1500,7.9
2025-04-18,08:43:08.120,-21,-12,100,14,0,4,250,-17,100,13,7.3,11.0,86,61,0.28,1.34,1.48,"ANGL",1.1,54.619812 -1.085037,13.0,73.90,0,10,39,1024,-5,19,1024,-1,-1,-1,1,-1,0x0000000000000000,1509,1498,2012,1519,2012,988,988,988,2268,988,988,1500,1500,1500,1500,1500,1500,1500,1500,1500,1500,1500,1500,1500,1500,1500,1500,1500,1500,1500,1500,1500,7.9
2025-04-18,08:43:08.220,-21,-12,100,14,1,4,250,-25,100,15,7.3,11.0,86,61,0.28,1.34,1.48,"ANGL",-0.5,54.619812 -1.085037,13.0,73.90,0,10,39,1024,-5,-4,1024,-1,-1,-1,1,-1,0x0000000000000000,1498,1498,2012,1519,2012,988,988,988,2268,988,988,1500,1500,1500,1500,1500,1500,1500,1500,1500,1500,1500,1500,1500,1500,1500,1500,1500,1500,1500,1500,1500,7.9
2025-04-18,08:43:08.320,-21,-12,100,14,1,4,250,-25,100,15,7.3,11.0,87,61,0.28,1.34,1.48,"ANGL",-0.5,54.619814 -1.085015,19.8,88.10,0,10,39,1024,306,-1024,1024,-1,-1,-1,1,-1,0x0000000000000000,988,1653,2012,1519,2012,988,988,988,2268,988,988,1500,1500,1500,1500,1500,1500,1500,1500,1500,1500,1500,1500,1500,1500,1500,1500,1500,1500,1500,1500,1500,7.9
2025-04-18,08:43:08.420,-17,-27,100,14,0,4,250,-25,100,14,7.3,11.0,87,61,0.42,1.57,1.49,"ANGL",-0.5,54.619814 -1.085015,19.8,88.10,0,10,40,1024,-79,-1024,1024,-1,-1,-1,1,-1,0x0000000000000000,988,1461,2012,1520,2012,988,988,988,2268,988,988,1500,1500,1500,1500,1500,1500,1500,1500,1500,1500,1500,1500,1500,1500,1500,1500,1500,1500,1500,1500,1500,7.9
2025-04-18,08:43:08.520,-17,-27,100,14,0,4,250,-25,100,14,7.3,11.0,87,61,0.42,1.57,1.49,"ANGL",-3.9,54.619811 -1.084996,24.4,95.00,-1,10,39,1024,-699,-1024,1024,-1,-1,-1,1,-1,0x0000000000000000,988,1151,2012,1519,2012,988,988,988,2268,988,988,1500,1500,1500,1500,1500,1500,1500,1500,1500,1500,1500,1500,1500,1500,1500,1500,1500,1500,1500,1500,1500,7.9
2025-04-18,08:43:08.620,-17,-27,100,14,0,4,250,-25,100,14,7.2,12.2,88,57,0.42,1.57,1.49,"ANGL",-3.9,54.619811 -1.084996,24.4,95.00,-1,10,39,1024,877,-1024,1024,-1,-1,-1,1,-1,0x0000000000000000,988,1938,2012,1519,2012,988,988,988,2268,988,988,1500,1500,1500,1500,1500,1500,1500,1500,1500,1500,1500,1500,1500,1500,1500,1500,1500,1500,1500,1500,1500,7.9
2025-04-18,08:43:08.720,-19,-27,100,14,0,4,250,-31,92,14,7.2,12.2,88,57,0.71,1.10,1.83,"HOR",-3.9,54.619811 -1.084996,24.4,95.00,-1,10,39,1024,848,-1024,1024,-1,-1,-1,1,-1,0x0000000000000000,988,1924,2012,1519,2012,988,988,988,2268,988,988,1500,1500,1500,1500,1500,1500,1500,1500,1500,1500,1500,1500,1500,1500,1500,1500,1500,1500,1500,1500,1500,7.9
2025-04-18,08:43:08.820,-19,-27,100,14,0,4,250,-31,92,14,7.2,12.2,88,57,0.71,1.10,1.83,"HOR",-6.2,54.619803 -1.084962,31.4,107.50,-2,10,399,320,11,-896,1024,-1,-1,-1,1,-1,0x0000000000000000,1052,1505,1660,1699,2012,988,988,988,2268,988,988,1500,1500,1500,1500,1500,1500,1500,1500,1500,1500,1500,1500,1500,1500,1500,1500,1500,1500,1500,1500,1500,7.9
2025-04-18,08:43:08.920,-45,-41,100,12,0,4,250,-46,92,14,7.1,12.8,89,55,0.76,0.68,2.10,"HOR",-6.2,54.619803 -1.084962,31.4,107.50,-2,10,362,-1024,0,27,1024,-1,-1,-1,1,-1,0x0000000000000000,1513,1500,988,1681,2012,988,988,988,2268,988,988,1500,1500,1500,1500,1500,1500,1500,1500,1500,1500,1500,1500,1500,1500,1500,1500,1500,1500,1500,1500,1500,7.9
2025-04-18,08:43:09.020,-45,-41,100,12,0,4,250,-46,92,14,7.1,12.8,89,55,0.76,0.68,2.10,"HOR",-4.9,54.619803 -1.084962,31.4,107.50,-2,10,141,-1024,-1,27,1024,-1,-1,-1,1,-1,0x0000000000000000,1513,1500,988,1570,2012,988,988,988,2268,988,988,1500,1500,1500,1500,1500,1500,1500,1500,1500,1500,1500,1500,1500,1500,1500,1500,1500,1500,1500,1500,1500,7.9
2025-04-18,08:43:09.120,-45,-41,100,14,1,4,250,-55,100,14,7.7,5.1,90,76,0.76,0.68,2.10,"HOR",-4.9,54.619789 -1.084928,32.0,126.80,-4,10,173,-1024,-1,28,1024,-1,-1,-1,1,-1,0x0000000000000000,1514,1500,988,1586,2012,988,988,988,2268,988,988,1500,1500,1500,1500,1500,1500,1500,1500,1500,1500,1500,1500,1500,1500,1500,1500,1500,1500,1500,1500,1500,7.9
2025-04-18,08:43:09.220,-45,-41,100,14,1,4,250,-55,100,14,7.7,5.1,90,76,-1.23,-2.11,-2.36,"HOR",-4.9,54.619789 -1.084928,32.0,126.80,-4,10,28,-1024,-1,28,1024,-1,-1,-1,1,-1,0x0000000000000000,1514,1500,988,1514,2012,988,988,988,2268,988,988,1500,1500,1500,1500,1500,1500,1500,1500,1500,1500,1500,1500,1500,1500,1500,1500,1500,1500,1500,1500,1500,7.9
2025-04-18,08:43:09.320,-45,-41,100,14,1,4,250,-55,100,14,7.7,5.1,90,76,-1.23,-2.11,-2.36,"HOR",-5.8,54.619782 -1.084914,18.6,132.60,-5,10,30,-1024,-2,28,1024,-1,-1,-1,1,-1,0x0000000000000000,1514,1499,988,1515,2012,988,988,988,2268,988,988,1500,1500,1500,1500,1500,1500,1500,1500,1500,1500,1500,1500,1500,1500,1500,1500,1500,1500,1500,1500,1500,7.9
2025-04-18,08:43:09.420,-45,-42,100,13,1,4,250,-54,96,13,7.8,3.2,90,81,-1.23,-2.11,-2.36,"HOR",-5.8,54.619782 -1.084914,18.6,132.60,-5,10,30,-1024,-2,28,1024,-1,-1,-1,1,-1,0x0000000000000000,1514,1499,988,1515,2012,988,988,988,2268,988,988,1500,1500,1500,1500,1500,1500,1500,1500,1500,1500,1500,1500,1500,1500,1500,1500,1500,1500,1500,1500,1500,7.9
2025-04-18,08:43:09.520,-45,-42,100,13,1,4,250,-54,96,13,7.8,3.2,90,81,0.41,1.79,1.41,"HOR",-5.8,54.619782 -1.084914,18.6,132.60,-5,10,30,-1024,-2,28,1024,-1,-1,-1,1,-1,0x0000000000000000,1514,1499,988,1515,2012,988,988,988,2268,988,988,1500,1500,1500,1500,1500,1500,1500,1500,1500,1500,1500,1500,1500,1500,1500,1500,1500,1500,1500,1500,1500,7.9
2025-04-18,08:43:09.620,-45,-39,100,14,1,4,250,-35,96,14,7.8,3.2,90,81,0.41,1.79,1.41,"HOR",-7.6,54.619781 -1.084911,2.7,135.50,-7,10,30,-1024,-2,28,1024,-1,-1,-1,1,-1,0x0000000000000000,1514,1499,988,1515,2012,988,988,988,2268,988,988,1500,1500,1500,1500,1500,1500,1500,1500,1500,1500,1500,1500,1500,1500,1500,1500,1500,1500,1500,1500,1500,7.9
2025-04-18,08:43:09.720,-45,-39,100,14,1,4,250,-35,96,14,7.9,2.6,90,83,0.62,-2.14,-0.15,"HOR",-7.6,54.619781 -1.084911,2.7,135.50,-7,10,31,-1024,-2,28,1024,-1,-1,-1,1,-1,0x0000000000000000,1514,1499,988,1515,2012,988,988,988,2268,988,988,1500,1500,1500,1500,1500,1500,1500,1500,1500,1500,1500,1500,1500,1500,1500,1500,1500,1500,1500,1500,1500,7.9
